param,healthy_all_mean_all_corrected,LRTI_mean_all_corrected,COVID_mean_all_corrected,COVIDlow_mean_all_corrected,COVIDmoderate_mean_all_corrected,COVIDsevere_mean_all_corrected,healthy_all_vs_COVID.effsize_all_corrected,healthy_all_vs_COVID.pval_all_corrected,healthy_all_vs_LRTI.pval_all_corrected,LRTI_vs_COVID.pval_all_corrected,COVIDmoderate_vs_healthy_all.pval_all_corrected,COVIDlow_vs_healthy_all.pval_all_corrected,COVIDsevere_vs_healthy_all.pval_all_corrected,COVIDmoderate_vs_COVIDlow.pval_all_corrected,COVIDsevere_vs_COVIDmoderate.pval_all_corrected,COVIDsevere_vs_COVIDlow.pval_all_corrected,COVIDlow_vs_LRTI.pval_all_corrected,COVIDmoderate_vs_LRTI.pval_all_corrected,COVIDsevere_vs_LRTI.pval_all_corrected,healthy_sn_mean_sn_corrected,LRTI_mean_sn_corrected,COVID_mean_sn_corrected,COVIDlow_mean_sn_corrected,COVIDmoderate_mean_sn_corrected,COVIDsevere_mean_sn_corrected,healthy_sn_vs_COVID.effsize_sn_corrected,healthy_sn_vs_COVID.pval_sn_corrected,healthy_sn_vs_LRTI.pval_sn_corrected,LRTI_vs_COVID.pval_sn_corrected,COVIDmoderate_vs_healthy_sn.pval_sn_corrected,COVIDlow_vs_healthy_sn.pval_sn_corrected,COVIDsevere_vs_healthy_sn.pval_sn_corrected,COVIDmoderate_vs_COVIDlow.pval_sn_corrected,COVIDsevere_vs_COVIDmoderate.pval_sn_corrected,COVIDsevere_vs_COVIDlow.pval_sn_corrected,COVIDlow_vs_LRTI.pval_sn_corrected,COVIDmoderate_vs_LRTI.pval_sn_corrected,COVIDsevere_vs_LRTI.pval_sn_corrected,healthy_all_mean_all_log_corrected,LRTI_mean_all_log_corrected,COVID_mean_all_log_corrected,COVIDlow_mean_all_log_corrected,COVIDmoderate_mean_all_log_corrected,COVIDsevere_mean_all_log_corrected,healthy_all_vs_COVID.effsize_all_log_corrected,healthy_all_vs_COVID.pval_all_log_corrected,healthy_all_vs_LRTI.pval_all_log_corrected,LRTI_vs_COVID.pval_all_log_corrected,COVIDmoderate_vs_healthy_all.pval_all_log_corrected,COVIDlow_vs_healthy_all.pval_all_log_corrected,COVIDsevere_vs_healthy_all.pval_all_log_corrected,COVIDmoderate_vs_COVIDlow.pval_all_log_corrected,COVIDsevere_vs_COVIDmoderate.pval_all_log_corrected,COVIDsevere_vs_COVIDlow.pval_all_log_corrected,COVIDlow_vs_LRTI.pval_all_log_corrected,COVIDmoderate_vs_LRTI.pval_all_log_corrected,COVIDsevere_vs_LRTI.pval_all_log_corrected,healthy_sn_mean_sn_log_corrected,LRTI_mean_sn_log_corrected,COVID_mean_sn_log_corrected,COVIDlow_mean_sn_log_corrected,COVIDmoderate_mean_sn_log_corrected,COVIDsevere_mean_sn_log_corrected,healthy_sn_vs_COVID.effsize_sn_log_corrected,healthy_sn_vs_COVID.pval_sn_log_corrected,healthy_sn_vs_LRTI.pval_sn_log_corrected,LRTI_vs_COVID.pval_sn_log_corrected,COVIDmoderate_vs_healthy_sn.pval_sn_log_corrected,COVIDlow_vs_healthy_sn.pval_sn_log_corrected,COVIDsevere_vs_healthy_sn.pval_sn_log_corrected,COVIDmoderate_vs_COVIDlow.pval_sn_log_corrected,COVIDsevere_vs_COVIDmoderate.pval_sn_log_corrected,COVIDsevere_vs_COVIDlow.pval_sn_log_corrected,COVIDlow_vs_LRTI.pval_sn_log_corrected,COVIDmoderate_vs_LRTI.pval_sn_log_corrected,COVIDsevere_vs_LRTI.pval_sn_log_corrected
Time_01/Cells_01/Singlets1_01/Singlets2_01/Live_01/CD45_01/T_01/CD4_01 | Count_back,387212.0597061845,232488.71124013426,111455.33527023793,192008.4583827717,102610.32595156373,102669.54352889006,-9.620741344956176,7.551788760057283e-11,0.03925151103513393,0.10023183262886873,8.29481295294287e-8,0.026197898311246467,1.3646593014770563e-8,0.32911814748125934,0.9991345345975082,0.32013494163662215,0.7046348189423086,0.1058894511397129,0.09748414504487511,387212.0597061845,232488.71124013426,111455.33527023793,192008.4583827717,102610.32595156373,102669.54352889006,-9.620741344956176,7.551788760057283e-11,0.03925151103513393,0.10023183262886873,8.29481295294287e-8,0.026197898311246467,1.3646593014770563e-8,0.32911814748125934,0.9991345345975082,0.32013494163662215,0.7046348189423086,0.1058894511397129,0.09748414504487511,NA,NA,NA,NA,NA,NA,NA,NA,NA,NA,NA,NA,NA,NA,NA,NA,NA,NA,NA,NA,NA,NA,NA,NA,NA,NA,NA,NA,NA,NA,NA,NA,NA,NA,NA,NA,NA,NA
Time_02/Cells_02/Singlets1_02/Singlets2_02/Live_02/CD45p_02/T_02/CD4_02/CD4_CD45RAn_CCR7p_02 | Count_back,128738.39378260064,98076.56146640268,36103.61003961174,70969.37863008433,27834.306301479162,35654.164470496355,-7.400165821443493,3.558337102402139e-7,0.3544206362908019,0.060478007305722045,1.863415288639137e-5,0.14222222223803507,1.7048505839071347e-5,0.3006566235316601,0.753846222860318,0.38495232678402513,0.5737927016366342,0.053154798860247356,0.07544044332263525,128738.39378260064,98076.56146640268,36103.61003961174,70969.37863008433,27834.306301479162,35654.164470496355,-7.400165821443493,3.558337102402139e-7,0.3544206362908019,0.060478007305722045,1.863415288639137e-5,0.14222222223803507,1.7048505839071347e-5,0.3006566235316601,0.753846222860318,0.38495232678402513,0.5737927016366342,0.053154798860247356,0.07544044332263525,NA,NA,NA,NA,NA,NA,NA,NA,NA,NA,NA,NA,NA,NA,NA,NA,NA,NA,NA,NA,NA,NA,NA,NA,NA,NA,NA,NA,NA,NA,NA,NA,NA,NA,NA,NA,NA,NA
Time_02/Cells_02/Singlets1_02/Singlets2_02/Live_02/CD45p_02/T_02/CD4_02/CD4_CD45RAn_CD27p_02 | Count_back,150522.96135877757,109034.00654269275,48624.75362269407,96300.15761619013,38716.17699063992,46900.31801990491,-7.9973194867216,4.908803516791626e-8,0.21895347496850603,0.07192122906432888,3.4491012480136004e-6,0.17423736788811545,2.840354698390673e-6,0.17388674080593544,0.7462483935251765,0.23157005198516506,0.7943499941363981,0.05619060414281119,0.08084420944173534,150522.96135877757,109034.00654269275,48624.75362269407,96300.15761619013,38716.17699063992,46900.31801990491,-7.9973194867216,4.908803516791626e-8,0.21895347496850603,0.07192122906432888,3.4491012480136004e-6,0.17423736788811545,2.840354698390673e-6,0.17388674080593544,0.7462483935251765,0.23157005198516506,0.7943499941363981,0.05619060414281119,0.08084420944173534,NA,NA,NA,NA,NA,NA,NA,NA,NA,NA,NA,NA,NA,NA,NA,NA,NA,NA,NA,NA,NA,NA,NA,NA,NA,NA,NA,NA,NA,NA,NA,NA,NA,NA,NA,NA,NA,NA
Time_02/Cells_02/Singlets1_02/Singlets2_02/Live_02/CD45p_02/T_02/CD4_02/CD4_CD45RAp_CD27n_02 | Count_back,4113.209663798467,-1574.104069550148,-991.4163311245538,6862.02379271579,-1295.2367145035332,-2315.4490407084477,-3.212257258991486,0.020480685254298095,0.17981017970869684,0.8892065714221502,0.05900869445668486,0.5764824309288576,0.015071086385521,0.12003680232084896,0.7453719330126798,0.07375565992240879,0.1662663388008418,0.9512406188105071,0.866332110375949,4113.209663798467,-1574.104069550148,-991.4163311245538,6862.02379271579,-1295.2367145035332,-2315.4490407084477,-3.212257258991486,0.020480685254298095,0.17981017970869684,0.8892065714221502,0.05900869445668486,0.5764824309288576,0.015071086385521,0.12003680232084896,0.7453719330126798,0.07375565992240879,0.1662663388008418,0.9512406188105071,0.866332110375949,NA,NA,NA,NA,NA,NA,NA,NA,NA,NA,NA,NA,NA,NA,NA,NA,NA,NA,NA,NA,NA,NA,NA,NA,NA,NA,NA,NA,NA,NA,NA,NA,NA,NA,NA,NA,NA,NA
Time_02/Cells_02/Singlets1_02/Singlets2_02/Live_02/CD45p_02/T_02/CD4_02/CD4_CD103p_02 | Count_back,4537.220397595598,-669.0751740853384,193.20034995976312,-742.099054880378,1236.892610216796,-400.5173358957536,-5.980046222155468,2.1049416171581464e-5,0.00454702701004998,0.6259897983781612,0.011824977420846334,0.023043800489175443,4.5784383600724875e-5,0.41562716306253333,0.24430689811252687,0.8850372996993634,0.9784352853250877,0.33216068935081144,0.8866150705690798,4537.220397595598,-669.0751740853384,193.20034995976312,-742.099054880378,1236.892610216796,-400.5173358957536,-5.980046222155468,2.1049416171581464e-5,0.00454702701004998,0.6259897983781612,0.011824977420846334,0.023043800489175443,4.5784383600724875e-5,0.41562716306253333,0.24430689811252687,0.8850372996993634,0.9784352853250877,0.33216068935081144,0.8866150705690798,NA,NA,NA,NA,NA,NA,NA,NA,NA,NA,NA,NA,NA,NA,NA,NA,NA,NA,NA,NA,NA,NA,NA,NA,NA,NA,NA,NA,NA,NA,NA,NA,NA,NA,NA,NA,NA,NA
Time_02/Cells_02/Singlets1_02/Singlets2_02/Live_02/CD45p_02/T_02/CD4_02/CD4_CCR4p_02/CD4_Th2_02 | Count_back,24944.94292627663,12006.781411977032,-5518.101203549948,6992.081868869752,-11514.855028757907,-3378.000872939043,-7.869644293582314,7.0233936038482e-8,0.20520889323221553,0.08410738037859314,6.67808914919484e-7,0.13819117884820056,1.9105036763169502e-5,0.14949840331655442,0.2885013554957416,0.40643544391123576,0.7344613554791364,0.034584414854444114,0.15057785435264556,24944.94292627663,12006.781411977032,-5518.101203549948,6992.081868869752,-11514.855028757907,-3378.000872939043,-7.869644293582314,7.0233936038482e-8,0.20520889323221553,0.08410738037859314,6.67808914919484e-7,0.13819117884820056,1.9105036763169502e-5,0.14949840331655442,0.2885013554957416,0.40643544391123576,0.7344613554791364,0.034584414854444114,0.15057785435264556,NA,NA,NA,NA,NA,NA,NA,NA,NA,NA,NA,NA,NA,NA,NA,NA,NA,NA,NA,NA,NA,NA,NA,NA,NA,NA,NA,NA,NA,NA,NA,NA,NA,NA,NA,NA,NA,NA
Time_02/Cells_02/Singlets1_02/Singlets2_02/Live_02/CD45p_02/T_02/CD4_02/CD4_CXCR3p_02 | Count_back,100696.76017996915,24370.812024699702,13350.402025835836,32071.51339537848,10396.242044965735,11859.468513554035,-10.25338896761517,1.4094383135323423e-11,8.469687448151229e-4,0.61680591915659,5.222569237651176e-8,0.010137830706163399,4.9362086332229795e-09,0.4395755883331769,0.9312978684289399,0.4579468238659762,0.8123142353354831,0.5665380594728049,0.5935654134845116,100696.76017996915,24370.812024699702,13350.402025835836,32071.51339537848,10396.242044965735,11859.468513554035,-10.25338896761517,1.4094383135323423e-11,8.469687448151229e-4,0.61680591915659,5.222569237651176e-8,0.010137830706163399,4.9362086332229795e-09,0.4395755883331769,0.9312978684289399,0.4579468238659762,0.8123142353354831,0.5665380594728049,0.5935654134845116,NA,NA,NA,NA,NA,NA,NA,NA,NA,NA,NA,NA,NA,NA,NA,NA,NA,NA,NA,NA,NA,NA,NA,NA,NA,NA,NA,NA,NA,NA,NA,NA,NA,NA,NA,NA,NA,NA
Time_02/Cells_02/Singlets1_02/Singlets2_02/Live_02/CD45p_02/T_02/CD4_02/CD4_CXCR3p_02/CD4_Th1_02 | Count_back,52468.18590915557,8576.878534080852,8165.07202181196,16743.726980529063,8776.080766435109,6050.674017917481,-8.957979866531836,1.5610841490365505e-9,9.280337294889229e-4,0.9742530041482305,3.7517120890583315e-6,0.020828923979883836,9.202782100193978e-8,0.624465198731842,0.7820852437689132,0.49884693817382986,0.6641503508448834,0.9893805520579202,0.8520251077304609,52468.18590915557,8576.878534080852,8165.07202181196,16743.726980529063,8776.080766435109,6050.674017917481,-8.957979866531836,1.5610841490365505e-9,9.280337294889229e-4,0.9742530041482305,3.7517120890583315e-6,0.020828923979883836,9.202782100193978e-8,0.624465198731842,0.7820852437689132,0.49884693817382986,0.6641503508448834,0.9893805520579202,0.8520251077304609,NA,NA,NA,NA,NA,NA,NA,NA,NA,NA,NA,NA,NA,NA,NA,NA,NA,NA,NA,NA,NA,NA,NA,NA,NA,NA,NA,NA,NA,NA,NA,NA,NA,NA,NA,NA,NA,NA
Time_02/Cells_02/Singlets1_02/Singlets2_02/Live_02/CD45p_02/T_02/CD4_02/CD4_Treg_02 | Count_back,29680.627022664154,14497.244703814042,9431.066605798333,12551.983672530727,9140.875331473839,9079.463320093073,-7.844841880001029,7.357534163955222e-8,0.02479244006996348,0.443539129387449,2.374255663124188e-5,0.0372235445233829,4.088417744217506e-6,0.6930468668511609,0.9904368077547034,0.6801650424786623,0.8432817708340737,0.46362434486577975,0.4422870479373645,29680.627022664154,14497.244703814042,9431.066605798333,12551.983672530727,9140.875331473839,9079.463320093073,-7.844841880001029,7.357534163955222e-8,0.02479244006996348,0.443539129387449,2.374255663124188e-5,0.0372235445233829,4.088417744217506e-6,0.6930468668511609,0.9904368077547034,0.6801650424786623,0.8432817708340737,0.46362434486577975,0.4422870479373645,NA,NA,NA,NA,NA,NA,NA,NA,NA,NA,NA,NA,NA,NA,NA,NA,NA,NA,NA,NA,NA,NA,NA,NA,NA,NA,NA,NA,NA,NA,NA,NA,NA,NA,NA,NA,NA,NA
Time_03/Cells_03/Singlets1_03/Singlets2_03/Live_03/CD45p_03/T_03/CD3p_gdn_03/CD4_03 | Count_back,348321.1991257964,203575.03403049207,80111.1382071349,167790.94631507472,56384.1404210891,81160.2101516893,-9.10612701474317,3.1320830629114414e-10,0.04966904121753025,0.0859998749374462,5.3203584661671954e-8,0.03524642005413898,6.742746094781319e-8,0.21280151548301182,0.6435395441143094,0.3206531941266185,0.7306400100086505,0.061528490071860495,0.107978883529219,348321.1991257964,203575.03403049207,80111.1382071349,167790.94631507472,56384.1404210891,81160.2101516893,-9.10612701474317,3.1320830629114414e-10,0.04966904121753025,0.0859998749374462,5.3203584661671954e-8,0.03524642005413898,6.742746094781319e-8,0.21280151548301182,0.6435395441143094,0.3206531941266185,0.7306400100086505,0.061528490071860495,0.107978883529219,5.487689823700058,5.236634025780938,5.076269224147063,5.281008942859755,5.055470294480768,5.051727837509915,-9.023700626379563,3.26359170104024e-10,0.023781642573000784,0.13490613586263836,1.0161256615419815e-7,0.11012361761128972,9.747816906542415e-9,0.09604955034651821,0.9629748037233674,0.08358346091704272,0.7749227098070668,0.1200150564657306,0.10183376154436029,5.487689823700058,5.236634025780938,5.076269224147063,5.281008942859755,5.055470294480768,5.051727837509915,-9.023700626379563,3.26359170104024e-10,0.023781642573000784,0.13490613586263836,1.0161256615419815e-7,0.11012361761128972,9.747816906542415e-9,0.09604955034651821,0.9629748037233674,0.08358346091704272,0.7749227098070668,0.1200150564657306,0.10183376154436029
Time_03/Cells_03/Singlets1_03/Singlets2_03/Live_03/CD45p_03/T_03/CD3p_gdn_03/CD4_03/CD4_CD45RAn_CCR7p_03 | Count_back,112451.16291656328,57949.48508397056,20188.91933722084,77770.30680703973,11475.340351096253,15465.723590838752,-6.95127518386895,7.451776108348444e-7,0.10485422392640979,0.24935764905824626,1.8046780707087234e-5,0.36423177653834293,8.633790191218123e-6,0.10043828102339583,0.868658995508302,0.11366544388668615,0.671156439720257,0.19265695194460056,0.2192950734286672,112451.16291656328,57949.48508397056,20188.91933722084,77770.30680703973,11475.340351096253,15465.723590838752,-6.95127518386895,7.451776108348444e-7,0.10485422392640979,0.24935764905824626,1.8046780707087234e-5,0.36423177653834293,8.633790191218123e-6,0.10043828102339583,0.868658995508302,0.11366544388668615,0.671156439720257,0.19265695194460056,0.2192950734286672,NA,NA,NA,NA,NA,NA,NA,NA,NA,NA,NA,NA,NA,NA,NA,NA,NA,NA,NA,NA,NA,NA,NA,NA,NA,NA,NA,NA,NA,NA,NA,NA,NA,NA,NA,NA,NA,NA
Time_08/Cells_08/Singlets1_08/Singlets2_08/Live_08/Non_PMN_08/Non-BT_08/Non-monocytes_08/HLADRp_08/HLADRp_CD16n_08/Non_pDC_08/mDC_08/mDC2_08 | Count_back,3061.994647550972,1238.4620205198482,5400.32733164337,8787.054771178906,3638.4355559334035,6434.763739491722,3.0086945144321082,0.050561715063803137,0.2768690836207039,0.018036720098310702,0.6759392215534347,0.018837221578994857,0.039449331750800454,0.04799356602760221,0.13568841930633058,0.3834967786659774,0.006121165105528705,0.19940826268840395,0.01214193373813606,3061.994647550972,1238.4620205198482,5400.32733164337,8787.054771178906,3638.4355559334035,6434.763739491722,3.0086945144321082,0.050561715063803137,0.2768690836207039,0.018036720098310702,0.6759392215534347,0.018837221578994857,0.039449331750800454,0.04799356602760221,0.13568841930633058,0.3834967786659774,0.006121165105528705,0.19940826268840395,0.01214193373813606,NA,NA,NA,NA,NA,NA,NA,NA,NA,NA,NA,NA,NA,NA,NA,NA,NA,NA,NA,NA,NA,NA,NA,NA,NA,NA,NA,NA,NA,NA,NA,NA,NA,NA,NA,NA,NA,NA
Cells_5/Time_5/Live_5/Live_cells_5/CD3p_5/No_Doublets_5/ab_5/Foxp3n_5/CD4p_5 | Count_back,271616.12055564614,160720.59399134002,42255.33913685894,71206.28123119373,8263.66078415395,59298.081491575955,-9.209913110051449,9.538639131106095e-10,0.07857114559797779,0.05787186254290507,1.219275027937067e-7,0.012690372735156146,7.605697559757863e-7,0.45750412218331726,0.3103095377724762,0.883685872821538,0.3447996526468309,0.030353887403763866,0.12433885882127566,271616.12055564614,160720.59399134002,42255.33913685894,71206.28123119373,8263.66078415395,59298.081491575955,-9.209913110051449,9.538639131106095e-10,0.07857114559797779,0.05787186254290507,1.219275027937067e-7,0.012690372735156146,7.605697559757863e-7,0.45750412218331726,0.3103095377724762,0.883685872821538,0.3447996526468309,0.030353887403763866,0.12433885882127566,5.381981031418774,5.168663395953095,4.941964501657755,5.1524040766598915,4.895041879469607,4.934948204557978,-7.005718676705947,6.891179638527141e-7,0.12299838310496078,0.09304592334322859,4.3180319552641547e-5,0.2253623075286825,9.42788283048559e-6,0.20341935646225737,0.7362718540104443,0.2587678226739889,0.9410417667352855,0.07949014662227344,0.10216759574691911,5.381981031418774,5.168663395953095,4.941964501657755,5.1524040766598915,4.895041879469607,4.934948204557978,-7.005718676705947,6.891179638527141e-7,0.12299838310496078,0.09304592334322859,4.3180319552641547e-5,0.2253623075286825,9.42788283048559e-6,0.20341935646225737,0.7362718540104443,0.2587678226739889,0.9410417667352855,0.07949014662227344,0.10216759574691911
Cells_5/Time_5/Live_5/Live_cells_5/CD3p_5/No_Doublets_5/ab_5/Foxp3n_5/CD4p_5/CD4_CD45RAn_CCR7p_5 | Count_back,74119.80501420387,57280.95348264314,5017.20604623227,3621.208173108836,-8254.50858641075,14226.423430846502,-6.498834701967304,6.921566236136613e-6,0.52961302829084,0.05103935375797933,6.382709698451486e-5,0.03921142785888138,8.130034172027092e-4,0.7426717732208155,0.29885965974609957,0.7612050081250232,0.18669632524685098,0.029628065894503064,0.1290963876436345,74119.80501420387,57280.95348264314,5017.20604623227,3621.208173108836,-8254.50858641075,14226.423430846502,-6.498834701967304,6.921566236136613e-6,0.52961302829084,0.05103935375797933,6.382709698451486e-5,0.03921142785888138,8.130034172027092e-4,0.7426717732208155,0.29885965974609957,0.7612050081250232,0.18669632524685098,0.029628065894503064,0.1290963876436345,NA,NA,NA,NA,NA,NA,NA,NA,NA,NA,NA,NA,NA,NA,NA,NA,NA,NA,NA,NA,NA,NA,NA,NA,NA,NA,NA,NA,NA,NA,NA,NA,NA,NA,NA,NA,NA,NA
Cells_5/Time_5/Live_5/Live_cells_5/CD3p_5/No_Doublets_5/ab_5/Foxp3n_5/CD4p_5/CD4_CD45RAp_CCR7p_5 | Count_back,131109.08477265693,62670.34315763163,12664.781692117336,10045.998216222959,-8493.751600395686,27471.95136831257,-7.380628760002353,4.986615856829911e-7,0.09274985381741646,0.2133824601439026,9.186125829369622e-6,0.019535658507391477,1.4654347821680476e-4,0.734390035470569,0.2714405196580281,0.7409906050978117,0.3898783203200258,0.1157049067546574,0.40904604192315164,131109.08477265693,62670.34315763163,12664.781692117336,10045.998216222959,-8493.751600395686,27471.95136831257,-7.380628760002353,4.986615856829911e-7,0.09274985381741646,0.2133824601439026,9.186125829369622e-6,0.019535658507391477,1.4654347821680476e-4,0.734390035470569,0.2714405196580281,0.7409906050978117,0.3898783203200258,0.1157049067546574,0.40904604192315164,NA,NA,NA,NA,NA,NA,NA,NA,NA,NA,NA,NA,NA,NA,NA,NA,NA,NA,NA,NA,NA,NA,NA,NA,NA,NA,NA,NA,NA,NA,NA,NA,NA,NA,NA,NA,NA,NA
Cells_5/Time_5/Live_5/Live_cells_5/CD3p_5/No_Doublets_5/ab_5/Foxp3n_5/CD4p_5/CD4_CD45RAn_CCR7p_5/G0_5 | Count_back,72369.96785019746,52609.26344301719,2752.217565454237,1348.6568831656366,-9520.278351082341,11300.237292320147,-6.699726872756768,3.8172866629622785e-6,0.45101110059508576,0.056965336393709626,4.911775800660928e-5,0.03381599143955418,4.977524533377906e-4,0.7586780009931251,0.3251103798059254,0.7706552476635403,0.19726560335223417,0.03497380875616953,0.13676428172405303,72369.96785019746,52609.26344301719,2752.217565454237,1348.6568831656366,-9520.278351082341,11300.237292320147,-6.699726872756768,3.8172866629622785e-6,0.45101110059508576,0.056965336393709626,4.911775800660928e-5,0.03381599143955418,4.977524533377906e-4,0.7586780009931251,0.3251103798059254,0.7706552476635403,0.19726560335223417,0.03497380875616953,0.13676428172405303,NA,NA,NA,NA,NA,NA,NA,NA,NA,NA,NA,NA,NA,NA,NA,NA,NA,NA,NA,NA,NA,NA,NA,NA,NA,NA,NA,NA,NA,NA,NA,NA,NA,NA,NA,NA,NA,NA
Cells_5/Time_5/Live_5/Live_cells_5/CD3p_5/No_Doublets_5/ab_5/Foxp3n_5/CD4p_5/CD4_CD45RAp_CCR7p_5/G0_5 | Count_back,130701.8608877216,55561.260937025785,12663.125205530407,10203.510036972468,-8476.208249303818,27414.44193902718,-7.517756224148299,3.254492546324459e-7,0.05960075087238542,0.274424607511918,6.4357545219152885e-6,0.01753856568834919,1.1190701484658945e-4,0.7266897835523247,0.2618946301002115,0.7385084102936036,0.4482419604204647,0.14723007216831116,0.49909115637722945,130701.8608877216,55561.260937025785,12663.125205530407,10203.510036972468,-8476.208249303818,27414.44193902718,-7.517756224148299,3.254492546324459e-7,0.05960075087238542,0.274424607511918,6.4357545219152885e-6,0.01753856568834919,1.1190701484658945e-4,0.7266897835523247,0.2618946301002115,0.7385084102936036,0.4482419604204647,0.14723007216831116,0.49909115637722945,NA,NA,NA,NA,NA,NA,NA,NA,NA,NA,NA,NA,NA,NA,NA,NA,NA,NA,NA,NA,NA,NA,NA,NA,NA,NA,NA,NA,NA,NA,NA,NA,NA,NA,NA,NA,NA,NA
Time_7/Cells_7/Singlets1_7/Singlets2_7/CD3p_CD4n_T_7 | Count_back,333578.0778862252,199236.5629363671,213024.97231504504,160078.8863135251,223123.72740405882,216908.83020687464,-7.367068822933133,8.394385443181203e-7,0.0011651325337341566,0.731530557017149,3.5704654431121304e-4,9.541837295370787e-4,1.1241981028805346e-4,0.24895193953419534,0.8582625791728934,0.29383557097441376,0.5193482018449898,0.5939253852536134,0.6892540624827259,333578.0778862252,199236.5629363671,213024.97231504504,160078.8863135251,223123.72740405882,216908.83020687464,-7.367068822933133,8.394385443181203e-7,0.0011651325337341566,0.731530557017149,3.5704654431121304e-4,9.541837295370787e-4,1.1241981028805346e-4,0.24895193953419534,0.8582625791728934,0.29383557097441376,0.5193482018449898,0.5939253852536134,0.6892540624827259,NA,NA,NA,NA,NA,NA,NA,NA,NA,NA,NA,NA,NA,NA,NA,NA,NA,NA,NA,NA,NA,NA,NA,NA,NA,NA,NA,NA,NA,NA,NA,NA,NA,NA,NA,NA,NA,NA
Time_7/Cells_7/Singlets1_7/Singlets2_7/CD3p_CD4p_T_7/CD4p_CD45RAn_7/CD4p_CD45RAn_CXCR3n_CCR6n_7 | Count_back,24877.362424505296,10939.62800747341,3643.1335481739807,9360.20447419605,5556.790785529442,674.7835371449873,-8.74627898389349,1.2234788031999689e-8,0.025717790876993236,0.23738941904730695,5.270465010696464e-5,0.034954724086546936,1.2099171470398438e-7,0.6288960286077547,0.3484392445199811,0.2590221849507467,0.85620239374574,0.4321077896084067,0.12425809474607366,24877.362424505296,10939.62800747341,3643.1335481739807,9360.20447419605,5556.790785529442,674.7835371449873,-8.74627898389349,1.2234788031999689e-8,0.025717790876993236,0.23738941904730695,5.270465010696464e-5,0.034954724086546936,1.2099171470398438e-7,0.6288960286077547,0.3484392445199811,0.2590221849507467,0.85620239374574,0.4321077896084067,0.12425809474607366,4.335997789376198,4.177231151374499,3.9959649296717012,4.050496792197726,4.049716923687785,3.9396867121204346,-8.085114214408724,8.414903142053774e-8,0.13795887129076595,0.09020404601739203,4.505947294773616e-4,0.02448852577305257,3.8399694716017413e-7,0.9954102184567752,0.22161942301936985,0.4023576598215379,0.4085172980863626,0.28355204388430044,0.04044142566781179,4.335997789376198,4.177231151374499,3.9959649296717012,4.050496792197726,4.049716923687785,3.9396867121204346,-8.085114214408724,8.414903142053774e-8,0.13795887129076595,0.09020404601739203,4.505947294773616e-4,0.02448852577305257,3.8399694716017413e-7,0.9954102184567752,0.22161942301936985,0.4023576598215379,0.4085172980863626,0.28355204388430044,0.04044142566781179
Time_7/Cells_7/Singlets1_7/Singlets2_7/CD3p_CD4p_T_7/CD4p_CD45RAn_7/CD4p_CD45RAn_CXCR3n_CCR6n_7/CD4p_CD45RAn_CXCR3n_CCR6n_PD1n_7 | Count_back,10779.818624401922,-1162.3498663343025,-3669.5303746469963,-1627.2236666643432,-3546.5618583983205,-4375.2085571759435,-10.692903433400247,7.700078686904952e-11,7.740542979048047e-4,0.4686793230875529,4.2224254403179393e-7,0.0031236525052006207,3.950400404600153e-8,0.6665195608217358,0.7878468835042641,0.531570037744253,0.9214121616206065,0.536225057329422,0.39745687142232644,10779.818624401922,-1162.3498663343025,-3669.5303746469963,-1627.2236666643432,-3546.5618583983205,-4375.2085571759435,-10.692903433400247,7.700078686904952e-11,7.740542979048047e-4,0.4686793230875529,4.2224254403179393e-7,0.0031236525052006207,3.950400404600153e-8,0.6665195608217358,0.7878468835042641,0.531570037744253,0.9214121616206065,0.536225057329422,0.39745687142232644,3.9588765345956096,3.6501641578553614,3.441553115860788,3.5325726078113315,3.420163471599112,3.4333995458328834,-9.733474066661516,9.538049668602029e-10,0.023563569740446648,0.12565920003273415,8.757727063741394e-7,0.008739639660931425,5.923834471607331e-7,0.5186523562644877,0.9125407234583476,0.5631820654119339,0.5463722182640183,0.13317769889699763,0.14877922009415068,3.9588765345956096,3.6501641578553614,3.441553115860788,3.5325726078113315,3.420163471599112,3.4333995458328834,-9.733474066661516,9.538049668602029e-10,0.023563569740446648,0.12565920003273415,8.757727063741394e-7,0.008739639660931425,5.923834471607331e-7,0.5186523562644877,0.9125407234583476,0.5631820654119339,0.5463722182640183,0.13317769889699763,0.14877922009415068
Time_7/Cells_7/Singlets1_7/Singlets2_7/CD3p_CD4p_T_7/CD4p_CD45RAp_7/CD4p_CD45RAp_CXCR3p_CCR6n_7 | Count_back,20234.252038871324,12343.262240090537,-1379.992849633425,6078.990278938889,-1139.6980833426376,-3440.5278043384824,-7.661174329903859,2.894126880203306e-7,0.2438670677114885,0.043962974239350805,1.0176185999127892e-4,0.10158009084752799,4.82155887528685e-6,0.43771867541200993,0.7051155447395141,0.295195652005454,0.5386108717310065,0.07937723105042853,0.03399124528225368,20234.252038871324,12343.262240090537,-1379.992849633425,6078.990278938889,-1139.6980833426376,-3440.5278043384824,-7.661174329903859,2.894126880203306e-7,0.2438670677114885,0.043962974239350805,1.0176185999127892e-4,0.10158009084752799,4.82155887528685e-6,0.43771867541200993,0.7051155447395141,0.295195652005454,0.5386108717310065,0.07937723105042853,0.03399124528225368,4.136322364613994,3.7333226150060685,3.6465409504076627,3.781960722361111,3.65718575055469,3.6040322984462208,-7.668518719595049,3.4463549241711163e-7,0.011420772287155457,0.5810715656433763,1.1981132296712794e-4,0.07708262072012456,7.508527343163169e-6,0.5606950640541961,0.7015162220633884,0.3984221630516237,0.83703860116017,0.6671682173375668,0.4529299550996243,4.136322364613994,3.7333226150060685,3.6465409504076627,3.781960722361111,3.65718575055469,3.6040322984462208,-7.668518719595049,3.4463549241711163e-7,0.011420772287155457,0.5810715656433763,1.1981132296712794e-4,0.07708262072012456,7.508527343163169e-6,0.5606950640541961,0.7015162220633884,0.3984221630516237,0.83703860116017,0.6671682173375668,0.4529299550996243
Non_BT_01/CD45_01 |freq,0.282072255907159,0.44938711638656137,0.4207393380841148,0.47186712022734534,0.4232562632576921,0.4095660427023739,6.617261294688699,3.865988262846127e-6,0.0021288755482192358,0.5873931327387452,2.5513009612422127e-4,0.0062320421170129385,3.53120163890725e-4,0.5007426602967227,0.7420372511527005,0.3788885370676802,0.7828398141145498,0.6532942783623266,0.4803197998482488,0.282072255907159,0.44938711638656137,0.4207393380841148,0.47186712022734534,0.4232562632576921,0.4095660427023739,6.617261294688699,3.865988262846127e-6,0.0021288755482192358,0.5873931327387452,2.5513009612422127e-4,0.0062320421170129385,3.53120163890725e-4,0.5007426602967227,0.7420372511527005,0.3788885370676802,0.7828398141145498,0.6532942783623266,0.4803197998482488,-0.5836908390005756,-0.46378338877691916,-0.4526013023434857,-0.39997420982070675,-0.44219970212215853,-0.4701010011651393,5.175495456746632,2.3736889342001484e-4,0.06330129050669712,0.8600823697247979,0.0022235116174813005,0.028179183268019947,0.007560854835660048,0.6294873074033591,0.5789218447183109,0.4138533790135851,0.5178048626929954,0.7577898391817133,0.9256857890457455,-0.5836908390005756,-0.46378338877691916,-0.4526013023434857,-0.39997420982070675,-0.44219970212215853,-0.4701010011651393,5.175495456746632,2.3736889342001484e-4,0.06330129050669712,0.8600823697247979,0.0022235116174813005,0.028179183268019947,0.007560854835660048,0.6294873074033591,0.5789218447183109,0.4138533790135851,0.5178048626929954,0.7577898391817133,0.9256857890457455
CD4_01/T_01 |freq,0.6575699455699313,0.6563252879084391,0.6321073470375072,0.7079072429588141,0.6066700712217087,0.6384243892547151,-1.306036569245884,0.34150671784737596,0.980104919959583,0.6242595076644689,0.14430873831882127,0.42463960918579513,0.5519387232596399,0.12901577893636507,0.4097679520790476,0.28691127351567336,0.49433819585031324,0.359627628100019,0.7332336039522015,0.6575699455699313,0.6563252879084391,0.6321073470375072,0.7079072429588141,0.6066700712217087,0.6384243892547151,-1.306036569245884,0.34150671784737596,0.980104919959583,0.6242595076644689,0.14430873831882127,0.42463960918579513,0.5519387232596399,0.12901577893636507,0.4097679520790476,0.28691127351567336,0.49433819585031324,0.359627628100019,0.7332336039522015,NA,NA,NA,NA,NA,NA,NA,NA,NA,NA,NA,NA,NA,NA,NA,NA,NA,NA,NA,NA,NA,NA,NA,NA,NA,NA,NA,NA,NA,NA,NA,NA,NA,NA,NA,NA,NA,NA
CD4_nonTreg_01/CD4_01 |freq,0.9194201139589416,0.9067672471982909,0.9022217796846269,0.9057780946232794,0.8910755759959534,0.9102434302298891,-3.2264530937833618,0.019965969457726218,0.34937201570144383,0.7337217955713744,0.0032243433741762154,0.42991411117924816,0.2933696817395577,0.42030610035026406,0.06887454462535875,0.8025158736705963,0.9619852018246801,0.2831089825699456,0.8047988900282481,0.9194201139589416,0.9067672471982909,0.9022217796846269,0.9057780946232794,0.8910755759959534,0.9102434302298891,-3.2264530937833618,0.019965969457726218,0.34937201570144383,0.7337217955713744,0.0032243433741762154,0.42991411117924816,0.2933696817395577,0.42030610035026406,0.06887454462535875,0.8025158736705963,0.9619852018246801,0.2831089825699456,0.8047988900282481,-0.03670501087188156,-0.043234349827471014,-0.04556429210805617,-0.043098167125354796,-0.05107339574520317,-0.04173210362031401,-3.3311426253643677,0.016352390077781588,0.33237675644607523,0.7262885568345943,0.0027964362912216664,0.45908250191886,0.24899264722085993,0.3817781915826354,0.07558927391289172,0.8782905219771315,0.9889007211851666,0.28216040652387875,0.830096267847449,-0.03670501087188156,-0.043234349827471014,-0.04556429210805617,-0.043098167125354796,-0.05107339574520317,-0.04173210362031401,-3.3311426253643677,0.016352390077781588,0.33237675644607523,0.7262885568345943,0.0027964362912216664,0.45908250191886,0.24899264722085993,0.3817781915826354,0.07558927391289172,0.8782905219771315,0.9889007211851666,0.28216040652387875,0.830096267847449
CD4_Treg_01/CD4_01 |freq,0.07443861763784047,0.07992984756019912,0.08640143643021778,0.08405028104604638,0.09697484874845509,0.07859274005857174,2.4089224601455896,0.08084764027454273,0.6627908746194283,0.6037647007038954,0.011478195774417669,0.549573998823537,0.6082080011935598,0.4462739291969857,0.06107013679340131,0.7425170642216208,0.8296376369422618,0.21128081228384624,0.9185781899694416,0.07443861763784047,0.07992984756019912,0.08640143643021778,0.08405028104604638,0.09697484874845509,0.07859274005857174,2.4089224601455896,0.08084764027454273,0.6627908746194283,0.6037647007038954,0.011478195774417669,0.549573998823537,0.6082080011935598,0.4462739291969857,0.06107013679340131,0.7425170642216208,0.8296376369422618,0.21128081228384624,0.9185781899694416,NA,NA,NA,NA,NA,NA,NA,NA,NA,NA,NA,NA,NA,NA,NA,NA,NA,NA,NA,NA,NA,NA,NA,NA,NA,NA,NA,NA,NA,NA,NA,NA,NA,NA,NA,NA,NA,NA
CD4_CCR4p_02/CD4_02 |freq,0.15630630765427786,0.20611810417554047,0.17188305754357266,0.2132095594280132,0.1694504972555504,0.16576879237456624,1.45561288429593,0.2872866947151896,0.07095751401037038,0.2077379756818811,0.4975502433169564,0.08772672304467174,0.5852534776816614,0.216198774538107,0.8619147286493247,0.1671514493799014,0.8585028559409128,0.22257203795661956,0.16145850578979035,0.15630630765427786,0.20611810417554047,0.17188305754357266,0.2132095594280132,0.1694504972555504,0.16576879237456624,1.45561288429593,0.2872866947151896,0.07095751401037038,0.2077379756818811,0.4975502433169564,0.08772672304467174,0.5852534776816614,0.216198774538107,0.8619147286493247,0.1671514493799014,0.8585028559409128,0.22257203795661956,0.16145850578979035,-0.897177444831282,-0.8426028979921306,-0.8763624033624309,-0.7191696081802911,-0.8903069821222577,-0.8961236547674866,0.9236419360640595,0.4933757022966804,0.33029671508414815,0.5401227239305317,0.845205535037194,0.008294995052621695,0.9573869690407794,0.017132906238555522,0.8906902096097378,0.010937982418226577,0.12069392299353818,0.44000598771167243,0.3612330788293735,-0.897177444831282,-0.8426028979921306,-0.8763624033624309,-0.7191696081802911,-0.8903069821222577,-0.8961236547674866,0.9236419360640595,0.4933757022966804,0.33029671508414815,0.5401227239305317,0.845205535037194,0.008294995052621695,0.9573869690407794,0.017132906238555522,0.8906902096097378,0.010937982418226577,0.12069392299353818,0.44000598771167243,0.3612330788293735
CD4_Th2_02/CD4_02 |freq,0.0676603320892661,0.08516005889019644,0.0706852670727626,0.0793441277975533,0.06624641650545506,0.07221678770948955,0.5578058163970562,0.6821476192904894,0.20651185873801686,0.28977752519063815,0.8842755341107831,0.4896644838642684,0.6081819280919997,0.46603617906728934,0.5794543548963045,0.6820829620472741,0.7733667826710091,0.21333986629592003,0.37175240395719844,0.0676603320892661,0.08516005889019644,0.0706852670727626,0.0793441277975533,0.06624641650545506,0.07221678770948955,0.5578058163970562,0.6821476192904894,0.20651185873801686,0.28977752519063815,0.8842755341107831,0.4896644838642684,0.6081819280919997,0.46603617906728934,0.5794543548963045,0.6820829620472741,0.7733667826710091,0.21333986629592003,0.37175240395719844,-1.273596945527993,-1.2419730721479136,-1.28442248443795,-1.1743934958323137,-1.3079258562154972,-1.2887552782035838,-0.4642681312373182,0.732085252002368,0.5906826556566596,0.4645892344093616,0.41456363440597244,0.16355335789997483,0.6879719131681912,0.07937179706964834,0.6720861852808275,0.12012374856926351,0.4296265428143473,0.304887974721618,0.44638773067203774,-1.273596945527993,-1.2419730721479136,-1.28442248443795,-1.1743934958323137,-1.3079258562154972,-1.2887552782035838,-0.4642681312373182,0.732085252002368,0.5906826556566596,0.4645892344093616,0.41456363440597244,0.16355335789997483,0.6879719131681912,0.07937179706964834,0.6720861852808275,0.12012374856926351,0.4296265428143473,0.304887974721618,0.44638773067203774
CD4_Treg_02/CD4_02 |freq,0.06731988652810256,0.0692998303246922,0.0794364066194624,0.080451351277919,0.08737761036773506,0.0736368886294715,2.8343677034571266,0.038651165849361194,0.8548693790801395,0.3439127353114987,0.010055366442181721,0.3168150921536964,0.35765469524582905,0.6192561525765552,0.10195764976846185,0.6137203312576832,0.4816824905632887,0.1266713386263989,0.6994969333924435,0.06731988652810256,0.0692998303246922,0.0794364066194624,0.080451351277919,0.08737761036773506,0.0736368886294715,2.8343677034571266,0.038651165849361194,0.8548693790801395,0.3439127353114987,0.010055366442181721,0.3168150921536964,0.35765469524582905,0.6192561525765552,0.10195764976846185,0.6137203312576832,0.4816824905632887,0.1266713386263989,0.6994969333924435,NA,NA,NA,NA,NA,NA,NA,NA,NA,NA,NA,NA,NA,NA,NA,NA,NA,NA,NA,NA,NA,NA,NA,NA,NA,NA,NA,NA,NA,NA,NA,NA,NA,NA,NA,NA,NA,NA
CD4_03/T_03 |freq,0.5706103844383679,0.5171645127127505,0.5284392628688535,0.5944355612746149,0.4783410586014516,0.5528617115542094,-2.064790587234443,0.12808492403880611,0.29251034777475166,0.8211565293257794,0.01067191134574258,0.6990226514842868,0.5809074679978616,0.07523795387497127,0.05706579001735701,0.510204317143816,0.2951639873411185,0.47517847957462644,0.4949977796178904,0.5706103844383679,0.5171645127127505,0.5284392628688535,0.5944355612746149,0.4783410586014516,0.5528617115542094,-2.064790587234443,0.12808492403880611,0.29251034777475166,0.8211565293257794,0.01067191134574258,0.6990226514842868,0.5809074679978616,0.07523795387497127,0.05706579001735701,0.510204317143816,0.2951639873411185,0.47517847957462644,0.4949977796178904,-0.25392487611395625,-0.3047621095003838,-0.28386613650555487,-0.23525973249480586,-0.31681484109436575,-0.2687944282852827,-1.8933088897508943,0.16256156312556316,0.19573637469376676,0.5879087593602647,0.02502936980614615,0.6964981568745352,0.5541881471309533,0.10809077114526176,0.11440401356871581,0.4951999634524914,0.2265881875734866,0.7754515512403559,0.3767508489777037,-0.25392487611395625,-0.3047621095003838,-0.28386613650555487,-0.23525973249480586,-0.31681484109436575,-0.2687944282852827,-1.8933088897508943,0.16256156312556316,0.19573637469376676,0.5879087593602647,0.02502936980614615,0.6964981568745352,0.5541881471309533,0.10809077114526176,0.11440401356871581,0.4951999634524914,0.2265881875734866,0.7754515512403559,0.3767508489777037
CD4p_CD45RAn_CXCR3n_CCR6n_PD1n_7/CD4p_CD45RAn_CXCR3n_CCR6n_7 |freq,0.4146730478373069,0.29770726204005743,0.2780307975566195,0.2874970614772605,0.24270154237903432,0.30655345281406554,-8.367482370476194,8.464202145834681e-8,0.005999440633437529,0.6401495432428495,2.714245362841796e-7,0.010649894051903206,4.7629956468762057e-4,0.4015159920937146,0.0842391003644244,0.7170775482425575,0.8654660528229307,0.2391882699421895,0.8451584856014817,0.4146730478373069,0.29770726204005743,0.2780307975566195,0.2874970614772605,0.24270154237903432,0.30655345281406554,-8.367482370476194,8.464202145834681e-8,0.005999440633437529,0.6401495432428495,2.714245362841796e-7,0.010649894051903206,4.7629956468762057e-4,0.4015159920937146,0.0842391003644244,0.7170775482425575,0.8654660528229307,0.2391882699421895,0.8451584856014817,-0.39259360778216595,-0.5304274212766272,-0.5594981948530647,-0.5197597812043117,-0.6321325274401937,-0.5077063349195031,-7.254396991283922,2.0602730122354776e-6,0.020139932443725167,0.622237524578433,2.028163807365762e-7,0.0606987854019276,0.006285308675949075,0.12739176400215443,0.01544994104655367,0.8674731547845983,0.8970825579676006,0.11466546231152279,0.7183692941118072,-0.39259360778216595,-0.5304274212766272,-0.5594981948530647,-0.5197597812043117,-0.6321325274401937,-0.5077063349195031,-7.254396991283922,2.0602730122354776e-6,0.020139932443725167,0.622237524578433,2.028163807365762e-7,0.0606987854019276,0.006285308675949075,0.12739176400215443,0.01544994104655367,0.8674731547845983,0.8970825579676006,0.11466546231152279,0.7183692941118072
CD4p_CD45RAn_CXCR3n_CCR6p_PD1n_7/CD4p_CD45RAn_CXCR3n_CCR6p_7 |freq,0.33583941991484423,0.23884466920559708,0.2582308433688191,0.2933586613305955,0.23010680750274448,0.27288682061902175,-5.570924841679695,2.155122237359688e-4,0.0073774123413924714,0.588843113322725,1.3982552145632576e-4,0.31591647286243985,0.0156757241398358,0.17140574504074715,0.17619617828775833,0.6521254697673774,0.2911978317569155,0.8252947349726536,0.38424268854510335,0.33583941991484423,0.23884466920559708,0.2582308433688191,0.2933586613305955,0.23010680750274448,0.27288682061902175,-5.570924841679695,2.155122237359688e-4,0.0073774123413924714,0.588843113322725,1.3982552145632576e-4,0.31591647286243985,0.0156757241398358,0.17140574504074715,0.17619617828775833,0.6521254697673774,0.2911978317569155,0.8252947349726536,0.38424268854510335,-0.48654681421113355,-0.6296647194353697,-0.5980815787894754,-0.540284527693974,-0.6441178166304898,-0.5740501618157995,-5.0942716642998835,6.704573182829e-4,0.011815928515925727,0.5758929775722927,2.8581769053237667e-4,0.4194238563963574,0.03199343731333821,0.15340896048237548,0.15857919009042606,0.6363523419653733,0.2713970084547932,0.8163268887673613,0.3662164687288877,-0.48654681421113355,-0.6296647194353697,-0.5980815787894754,-0.540284527693974,-0.6441178166304898,-0.5740501618157995,-5.0942716642998835,6.704573182829e-4,0.011815928515925727,0.5758929775722927,2.8581769053237667e-4,0.4194238563963574,0.03199343731333821,0.15340896048237548,0.15857919009042606,0.6363523419653733,0.2713970084547932,0.8163268887673613,0.3662164687288877
CD4p_CD45RAn_CXCR3n_CCR6p_PD1p_7/CD4p_CD45RAn_CXCR3n_CCR6p_7 |freq,0.6641605800852008,0.7611553307944464,0.7417691566311579,0.7066413386696855,0.7698931924974228,0.7271131793809845,5.570924841652596,2.1551222398616336e-4,0.007377412342642754,0.588843113310265,1.3982552148587035e-4,0.31591647286348856,0.015675724140544044,0.1714057450986803,0.17619617829433443,0.652125469791023,0.29119783179812675,0.8252947349688318,0.3842426885571827,0.6641605800852008,0.7611553307944464,0.7417691566311579,0.7066413386696855,0.7698931924974228,0.7271131793809845,5.570924841652596,2.1551222398616336e-4,0.007377412342642754,0.588843113310265,1.3982552148587035e-4,0.31591647286348856,0.015675724140544044,0.1714057450986803,0.17619617829433443,0.652125469791023,0.29119783179812675,0.8252947349688318,0.3842426885571827,-0.18022423457998601,-0.11699297653120037,-0.13007443089130907,-0.15224921671673008,-0.11147482719524272,-0.14006822963270715,5.433371041179402,3.001254248049549e-4,0.008316346619547565,0.5818458858919016,1.823316039290661e-4,0.3187524157911746,0.019858679914741446,0.18312043848375564,0.17248908300690832,0.6855064910043358,0.3026477877083997,0.8334007570037533,0.37322951518248115,-0.18022423457998601,-0.11699297653120037,-0.13007443089130907,-0.15224921671673008,-0.11147482719524272,-0.14006822963270715,5.433371041179402,3.001254248049549e-4,0.008316346619547565,0.5818458858919016,1.823316039290661e-4,0.3187524157911746,0.019858679914741446,0.18312043848375564,0.17248908300690832,0.6855064910043358,0.3026477877083997,0.8334007570037533,0.37322951518248115
CD4p_CD45RAn_PD1n_7/CD4p_CD45RAn_7 |freq,0.28519251819852587,0.20288729329162936,0.20498884452699642,0.22497736107234187,0.18067556037874583,0.22197005556400246,-6.598175847207541,1.5933710506335222e-5,0.007794909591033203,0.9454265636437617,1.7580192151944534e-5,0.11043073084162454,0.006413960831502445,0.27700932198982425,0.13753743788833475,0.9405879874423424,0.6236634047945315,0.5157440343343536,0.5721642234853777,0.28519251819852587,0.20288729329162936,0.20498884452699642,0.22497736107234187,0.18067556037874583,0.22197005556400246,-6.598175847207541,1.5933710506335222e-5,0.007794909591033203,0.9454265636437617,1.7580192151944534e-5,0.11043073084162454,0.006413960831502445,0.27700932198982425,0.13753743788833475,0.9405879874423424,0.6236634047945315,0.5157440343343536,0.5721642234853777,NA,NA,NA,NA,NA,NA,NA,NA,NA,NA,NA,NA,NA,NA,NA,NA,NA,NA,NA,NA,NA,NA,NA,NA,NA,NA,NA,NA,NA,NA,NA,NA,NA,NA,NA,NA,NA,NA
CD4p_CD45RAn_PD1p_7/CD4p_CD45RAn_7 |freq,0.7148074818143791,0.797112706805118,0.7950111555407987,0.7750226389910291,0.81932443969059,0.7780299445034684,6.598175850631692,1.5933710389745016e-5,0.007794909541499807,0.9454265629056886,1.7580192024248273e-5,0.11043073060367375,0.006413960795560713,0.27700932210230295,0.13753743792253983,0.9405879873771055,0.6236634043654978,0.5157440349129074,0.5721642229614797,0.7148074818143791,0.797112706805118,0.7950111555407987,0.7750226389910291,0.81932443969059,0.7780299445034684,6.598175850631692,1.5933710389745016e-5,0.007794909541499807,0.9454265629056886,1.7580192024248273e-5,0.11043073060367375,0.006413960795560713,0.27700932210230295,0.13753743792253983,0.9405879873771055,0.6236634043654978,0.5157440349129074,0.5721642229614797,-0.1479002105050856,-0.09570844128767415,-0.09734626749482528,-0.10851891842658995,-0.08336904240783076,-0.10720691050507021,6.668193007587026,1.3215121377854902e-5,0.006857978847169016,0.9318352320788823,2.1816105966746966e-5,0.09503364924963233,0.005045793897635658,0.3231391237867127,0.16982337205044878,0.9585027279624345,0.648916579429737,0.5632747868678893,0.5860877471962391,-0.1479002105050856,-0.09570844128767415,-0.09734626749482528,-0.10851891842658995,-0.08336904240783076,-0.10720691050507021,6.668193007587026,1.3215121377854902e-5,0.006857978847169016,0.9318352320788823,2.1816105966746966e-5,0.09503364924963233,0.005045793897635658,0.3231391237867127,0.16982337205044878,0.9585027279624345,0.648916579429737,0.5632747868678893,0.5860877471962391
CD4p_CD45RAp_CXCR3n_CCR6n_7/CD4p_CD45RAp_7 |freq,0.8492236507498363,0.8404872491978341,0.8723362191520676,0.796021847030916,0.8630482629297069,0.8989659246100845,1.3219624010347009,0.35438407595296473,0.8411402595062236,0.46623557528542225,0.6716432324427961,0.32863773389792017,0.10923146366272854,0.2524636224627272,0.3391999706581289,0.07542171213802992,0.4928785079301914,0.6420567526724044,0.21712137653436767,0.8492236507498363,0.8404872491978341,0.8723362191520676,0.796021847030916,0.8630482629297069,0.8989659246100845,1.3219624010347009,0.35438407595296473,0.8411402595062236,0.46623557528542225,0.6716432324427961,0.32863773389792017,0.10923146366272854,0.2524636224627272,0.3391999706581289,0.07542171213802992,0.4928785079301914,0.6420567526724044,0.21712137653436767,-0.07362548167221611,-0.09181083014391912,-0.06954734993426978,-0.12065594072060377,-0.08296243414182408,-0.045488008458250934,0.3053324323273218,0.8303416599249949,0.5877954763573787,0.5078160177409294,0.7064551181451055,0.2610358784982936,0.23485387794358947,0.4004564423775666,0.19214809794061133,0.09048229733513936,0.5631186380976019,0.8122704284611159,0.20310171907878963,-0.07362548167221611,-0.09181083014391912,-0.06954734993426978,-0.12065594072060377,-0.08296243414182408,-0.045488008458250934,0.3053324323273218,0.8303416599249949,0.5877954763573787,0.5078160177409294,0.7064551181451055,0.2610358784982936,0.23485387794358947,0.4004564423775666,0.19214809794061133,0.09048229733513936,0.5631186380976019,0.8122704284611159,0.20310171907878963
CD4p_CD45RAp_CXCR3p_CCR6n_7/CD4p_CD45RAp_7 |freq,0.12057708924742438,0.11855372176116209,0.09991600382145646,0.17466722760070982,0.10109605825065128,0.08061481197215958,-1.5505520075486836,0.2775344237514485,0.9512451477874524,0.5741942855064788,0.431472013408966,0.18911641650828534,0.08934796452719264,0.09759005130121703,0.47144241188354685,0.03203804451823242,0.25246777173458235,0.6349674908038851,0.28893521752726725,0.12057708924742438,0.11855372176116209,0.09991600382145646,0.17466722760070982,0.10109605825065128,0.08061481197215958,-1.5505520075486836,0.2775344237514485,0.9512451477874524,0.5741942855064788,0.431472013408966,0.18911641650828534,0.08934796452719264,0.09759005130121703,0.47144241188354685,0.03203804451823242,0.25246777173458235,0.6349674908038851,0.28893521752726725,-0.9778873775499055,-1.0244241441302546,-1.08137218768752,-0.9429682243726338,-1.075781908053156,-1.1202114598263428,-3.3015278528035847,0.021830898129351257,0.5475184868756906,0.46253652228596687,0.09695399227419678,0.7180699690962694,0.011127711201353075,0.20422238150297092,0.5097273601526415,0.08552886449037753,0.48010988691959555,0.5517721227282297,0.25467140764295665,-0.9778873775499055,-1.0244241441302546,-1.08137218768752,-0.9429682243726338,-1.075781908053156,-1.1202114598263428,-3.3015278528035847,0.021830898129351257,0.5475184868756906,0.46253652228596687,0.09695399227419678,0.7180699690962694,0.011127711201353075,0.20422238150297092,0.5097273601526415,0.08552886449037753,0.48010988691959555,0.5517721227282297,0.25467140764295665
HLADRp_08/Non-monocytes_08 |freq,0.14236516915942293,0.19033432001513234,0.26108683557659507,0.22480893907224045,0.2441140446405244,0.3067619050560225,7.680951461823002,7.004293016486839e-6,0.18600890538630235,0.06478642648564666,0.0015374289257118602,0.09969389324353281,3.303286057863289e-5,0.7227718492546282,0.152053397583266,0.16152537856025387,0.5477965925218597,0.20537009817665908,0.015209661320845275,0.14236516915942293,0.19033432001513234,0.26108683557659507,0.22480893907224045,0.2441140446405244,0.3067619050560225,7.680951461823002,7.004293016486839e-6,0.18600890538630235,0.06478642648564666,0.0015374289257118602,0.09969389324353281,3.303286057863289e-5,0.7227718492546282,0.152053397583266,0.16152537856025387,0.5477965925218597,0.20537009817665908,0.015209661320845275,-0.9070828582685532,-0.8301938123467902,-0.614172418176271,-0.6522031988841637,-0.677573246289021,-0.5017450981019823,7.675913723538231,5.929878494576277e-6,0.3762598503254899,0.019697277601161488,0.0033513801534600512,0.039693183025800494,2.0962432674390772e-5,0.8494920514569527,0.09437626021198921,0.2891111035380743,0.20431472630308953,0.13565815815588153,0.004307246284039005,-0.9070828582685532,-0.8301938123467902,-0.614172418176271,-0.6522031988841637,-0.677573246289021,-0.5017450981019823,7.675913723538231,5.929878494576277e-6,0.3762598503254899,0.019697277601161488,0.0033513801534600512,0.039693183025800494,2.0962432674390772e-5,0.8494920514569527,0.09437626021198921,0.2891111035380743,0.20431472630308953,0.13565815815588153,0.004307246284039005
CD8_CD45RAn_CCR7p_5/CD8p_5 |freq,0.055245244239904644,0.1075599659899831,0.03020084009687917,0.0166368696571089,0.037243050037950275,0.027789353044430826,-2.847386368171621,0.041599880208063225,0.012731559462830846,2.721715292080282e-4,0.27360663798038076,0.17077135346882055,0.06277725642992113,0.49238474787186304,0.6010101642704202,0.7011687895335591,0.006278542616172563,0.0032087158667607864,4.869572222454552e-4,0.055245244239904644,0.1075599659899831,0.03020084009687917,0.0166368696571089,0.037243050037950275,0.027789353044430826,-2.847386368171621,0.041599880208063225,0.012731559462830846,2.721715292080282e-4,0.27360663798038076,0.17077135346882055,0.06277725642992113,0.49238474787186304,0.6010101642704202,0.7011687895335591,0.006278542616172563,0.0032087158667607864,4.869572222454552e-4,NA,NA,NA,NA,NA,NA,NA,NA,NA,NA,NA,NA,NA,NA,NA,NA,NA,NA,NA,NA,NA,NA,NA,NA,NA,NA,NA,NA,NA,NA,NA,NA,NA,NA,NA,NA,NA,NA
G1_5/CD4_CD45RAp_CCR7n_5 |freq,0.021771820870594184,0.016416180708882153,0.052390104813650376,0.03334998461095361,0.05939933123042217,0.05148098325606015,4.784946085741757,6.453642179573855e-4,0.7065018166302389,0.011942291749952727,0.0018603731550065725,0.543790040194191,0.004479246559741692,0.20517557162652378,0.5339155383801731,0.3561330188373063,0.4353092411555164,0.008400990353792884,0.02015291744334294,0.021771820870594184,0.016416180708882153,0.052390104813650376,0.03334998461095361,0.05939933123042217,0.05148098325606015,4.784946085741757,6.453642179573855e-4,0.7065018166302389,0.011942291749952727,0.0018603731550065725,0.543790040194191,0.004479246559741692,0.20517557162652378,0.5339155383801731,0.3561330188373063,0.4353092411555164,0.008400990353792884,0.02015291744334294,NA,NA,NA,NA,NA,NA,NA,NA,NA,NA,NA,NA,NA,NA,NA,NA,NA,NA,NA,NA,NA,NA,NA,NA,NA,NA,NA,NA,NA,NA,NA,NA,NA,NA,NA,NA,NA,NA
CD4_02/CD8_02 | Ratio,3.1690347021201006,6.45973811655115,4.791392801930935,5.611839184470165,3.5706471305382785,5.511363990261074,2.0736170456861265,0.13304163299138938,0.1047590603981222,0.4047144559565795,0.7798784849432321,0.29662060425282455,0.07500671531731579,0.4157735583684291,0.22385589216744636,0.9670520475065201,0.7741935883320378,0.19872627732644535,0.6648656386061137,3.1690347021201006,6.45973811655115,4.791392801930935,5.611839184470165,3.5706471305382785,5.511363990261074,2.0736170456861265,0.13304163299138938,0.1047590603981222,0.4047144559565795,0.7798784849432321,0.29662060425282455,0.07500671531731579,0.4157735583684291,0.22385589216744636,0.9670520475065201,0.7741935883320378,0.19872627732644535,0.6648656386061137,NA,NA,NA,NA,NA,NA,NA,NA,NA,NA,NA,NA,NA,NA,NA,NA,NA,NA,NA,NA,NA,NA,NA,NA,NA,NA,NA,NA,NA,NA,NA,NA,NA,NA,NA,NA,NA,NA
CD4_03/CD8_03 | Ratio,1.8597150885903355,2.600283638311471,1.7397252599394866,2.333064579524806,0.9701926270228015,2.198240022536606,-0.4315788013921258,0.749387608077827,0.29083854617726884,0.2133256552464644,0.06779211790049178,0.5689627911098207,0.44321660792612194,0.12269188479411164,0.02127074461887869,0.8746958328366276,0.7885048707616039,0.030290158891399896,0.5735300615403465,1.8597150885903355,2.600283638311471,1.7397252599394866,2.333064579524806,0.9701926270228015,2.198240022536606,-0.4315788013921258,0.749387608077827,0.29083854617726884,0.2133256552464644,0.06779211790049178,0.5689627911098207,0.44321660792612194,0.12269188479411164,0.02127074461887869,0.8746958328366276,0.7885048707616039,0.030290158891399896,0.5735300615403465,0.23257056945003393,0.2433634940251535,0.1891294998864805,0.28900054797557895,0.08799939891565295,0.244973655814158,-1.1371228591858398,0.40064850645562333,0.9110652073814196,0.5692832475774345,0.0317425515932315,0.621935205569401,0.8391683750868403,0.09865320898122872,0.03237959929014008,0.7085066212119697,0.742649137247783,0.13398734839543472,0.987755030093936,0.23257056945003393,0.2433634940251535,0.1891294998864805,0.28900054797557895,0.08799939891565295,0.244973655814158,-1.1371228591858398,0.40064850645562333,0.9110652073814196,0.5692832475774345,0.0317425515932315,0.621935205569401,0.8391683750868403,0.09865320898122872,0.03237959929014008,0.7085066212119697,0.742649137247783,0.13398734839543472,0.987755030093936
Th1_02/Th2_02 | Ratio,2.3882505114306616,2.3142997826967036,2.4122503008816647,2.0768688077069335,2.7703844659776817,2.2352900201968176,0.15263250464827663,0.9114327072009965,0.850437956145101,0.8008168748361114,0.18432752110849362,0.5019389968987102,0.5443980853980355,0.16636413654197185,0.08918516290557897,0.740618018975294,0.6717839804277794,0.2860387512977427,0.8450235056709021,2.3882505114306616,2.3142997826967036,2.4122503008816647,2.0768688077069335,2.7703844659776817,2.2352900201968176,0.15263250464827663,0.9114327072009965,0.850437956145101,0.8008168748361114,0.18432752110849362,0.5019389968987102,0.5443980853980355,0.16636413654197185,0.08918516290557897,0.740618018975294,0.6717839804277794,0.2860387512977427,0.8450235056709021,NA,NA,NA,NA,NA,NA,NA,NA,NA,NA,NA,NA,NA,NA,NA,NA,NA,NA,NA,NA,NA,NA,NA,NA,NA,NA,NA,NA,NA,NA,NA,NA,NA,NA,NA,NA,NA,NA
Time_02/Cells_02/Singlets1_02/Singlets2_02/Live_02/CD45p_02/T_02/CD4_02/CD4_CCR4p_02 | Count_back,NA,NA,NA,NA,NA,NA,NA,NA,NA,NA,NA,NA,NA,NA,NA,NA,NA,NA,NA,NA,NA,NA,NA,NA,NA,NA,NA,NA,NA,NA,NA,NA,NA,NA,NA,NA,NA,NA,4.719786700182593,4.632799610826713,4.413191296769172,4.642723125396415,4.3696261071306,4.403264582847687,-7.9227021685425445,4.692672899585289e-8,0.3744046903511493,0.024705346793094825,1.1524793175027147e-6,0.5235392931879488,1.240832095070056e-6,0.033557621452156884,0.6511752356638645,0.05517261507288522,0.9435423836234498,0.013628083199072032,0.02479985837733885,4.719786700182593,4.632799610826713,4.413191296769172,4.642723125396415,4.3696261071306,4.403264582847687,-7.9227021685425445,4.692672899585289e-8,0.3744046903511493,0.024705346793094825,1.1524793175027147e-6,0.5235392931879488,1.240832095070056e-6,0.033557621452156884,0.6511752356638645,0.05517261507288522,0.9435423836234498,0.013628083199072032,0.02479985837733885
Time_06/Cells_06/Singlets1_06/Singlets2_06/CD45p_06 | Count_back,NA,NA,NA,NA,NA,NA,NA,NA,NA,NA,NA,NA,NA,NA,NA,NA,NA,NA,NA,NA,NA,NA,NA,NA,NA,NA,NA,NA,NA,NA,NA,NA,NA,NA,NA,NA,NA,NA,6.365069253542069,6.45856594666472,6.324966913672016,6.27158646651343,6.308234585700165,6.351112551804241,-1.4458611364699283,0.28221701765309254,0.19046296504490748,0.05833248392883413,0.23733054102123155,0.24496801135162974,0.7590982368098779,0.6648798110448281,0.4179368601035147,0.33994028931261755,0.06351766470873986,0.051514352328474164,0.1538731521870015,6.365069253542069,6.45856594666472,6.324966913672016,6.27158646651343,6.308234585700165,6.351112551804241,-1.4458611364699283,0.28221701765309254,0.19046296504490748,0.05833248392883413,0.23733054102123155,0.24496801135162974,0.7590982368098779,0.6648798110448281,0.4179368601035147,0.33994028931261755,0.06351766470873986,0.051514352328474164,0.1538731521870015
Time_7/Cells_7/Singlets1_7/Singlets2_7/CD3p_CD4p_T_7/CD4p_CD45RAn_7/CD4p_CD45RAn_CXCR3p_CCR6n_7/CD4p_CD45RAn_CXCR3p_CCR6n_PD1n_7 | Count_back,NA,NA,NA,NA,NA,NA,NA,NA,NA,NA,NA,NA,NA,NA,NA,NA,NA,NA,NA,NA,NA,NA,NA,NA,NA,NA,NA,NA,NA,NA,NA,NA,NA,NA,NA,NA,NA,NA,4.134803169413149,4.089984492851877,3.74245292055468,3.9691270301132775,3.7945635871493226,3.6284900765891814,-7.068259582728477,3.7329322458641043e-6,0.7516699042949977,0.01637958035187562,0.001552616291169583,0.32413666229928517,2.4978846563481666e-6,0.33749557609658287,0.18129713704180866,0.060311863826477685,0.5527978077234015,0.061105486742417545,0.0034254422602563485,4.134803169413149,4.089984492851877,3.74245292055468,3.9691270301132775,3.7945635871493226,3.6284900765891814,-7.068259582728477,3.7329322458641043e-6,0.7516699042949977,0.01637958035187562,0.001552616291169583,0.32413666229928517,2.4978846563481666e-6,0.33749557609658287,0.18129713704180866,0.060311863826477685,0.5527978077234015,0.061105486742417545,0.0034254422602563485
Time_7/Cells_7/Singlets1_7/Singlets2_7/CD3p_CD4p_T_7/CD4p_CD45RAn_7/CD4p_CD45RAn_CXCR3p_CCR6n_7/CD4p_CD45RAn_CXCR3p_CCR6n_TIM3n_PD1n_7 | Count_back,NA,NA,NA,NA,NA,NA,NA,NA,NA,NA,NA,NA,NA,NA,NA,NA,NA,NA,NA,NA,NA,NA,NA,NA,NA,NA,NA,NA,NA,NA,NA,NA,NA,NA,NA,NA,NA,NA,4.150514712239497,4.0948616031664375,3.756418763734153,3.9779607436395787,3.8128756082458666,3.640016026099404,-7.094523006605032,3.457303399853434e-6,0.6944872364569272,0.0193527306728957,0.0016898634429045442,0.30457974682391736,2.1178868475466415e-6,0.364314595648887,0.16437365807303553,0.06233684712531487,0.5657697186618795,0.07362729013346299,0.0038957666813694697,4.150514712239497,4.0948616031664375,3.756418763734153,3.9779607436395787,3.8128756082458666,3.640016026099404,-7.094523006605032,3.457303399853434e-6,0.6944872364569272,0.0193527306728957,0.0016898634429045442,0.30457974682391736,2.1178868475466415e-6,0.364314595648887,0.16437365807303553,0.06233684712531487,0.5657697186618795,0.07362729013346299,0.0038957666813694697
CD8_01/T_01 |freq,NA,NA,NA,NA,NA,NA,NA,NA,NA,NA,NA,NA,NA,NA,NA,NA,NA,NA,NA,NA,NA,NA,NA,NA,NA,NA,NA,NA,NA,NA,NA,NA,NA,NA,NA,NA,NA,NA,-0.6350106023616863,-0.6920613235760019,-0.6621683539663243,-0.7157071103454855,-0.572468274877041,-0.7235384159898067,-0.7007668727454546,0.6093970804208719,0.5649803359703452,0.7605917187358298,0.3635027077302899,0.5179871971668518,0.1657678397950005,0.2772558198168832,0.04890600165965981,0.9515783509262935,0.8742494038340975,0.2644166715856642,0.7617504950596765,-0.6350106023616863,-0.6920613235760019,-0.6621683539663243,-0.7157071103454855,-0.572468274877041,-0.7235384159898067,-0.7007668727454546,0.6093970804208719,0.5649803359703452,0.7605917187358298,0.3635027077302899,0.5179871971668518,0.1657678397950005,0.2772558198168832,0.04890600165965981,0.9515783509262935,0.8742494038340975,0.2644166715856642,0.7617504950596765
CD4_CD45RAn_CCR7n_03/CD4_03 |freq,NA,NA,NA,NA,NA,NA,NA,NA,NA,NA,NA,NA,NA,NA,NA,NA,NA,NA,NA,NA,NA,NA,NA,NA,NA,NA,NA,NA,NA,NA,NA,NA,NA,NA,NA,NA,NA,NA,-1.0957421145309039,-1.157398804144107,-0.8079633691324397,-0.5731233579063798,-0.7411323294710854,-0.9028573193702222,4.158253965035905,0.0025431214265476316,0.722940279894031,0.04329066986022943,0.004287371413296444,0.013554515840535361,0.08363732175407175,0.44846894197847675,0.2249743263072484,0.12782707612779337,0.022505392518936528,0.02838165017125833,0.16109600049767392,-1.0957421145309039,-1.157398804144107,-0.8079633691324397,-0.5731233579063798,-0.7411323294710854,-0.9028573193702222,4.158253965035905,0.0025431214265476316,0.722940279894031,0.04329066986022943,0.004287371413296444,0.013554515840535361,0.08363732175407175,0.44846894197847675,0.2249743263072484,0.12782707612779337,0.022505392518936528,0.02838165017125833,0.16109600049767392
CD8_03/T_03 |freq,NA,NA,NA,NA,NA,NA,NA,NA,NA,NA,NA,NA,NA,NA,NA,NA,NA,NA,NA,NA,NA,NA,NA,NA,NA,NA,NA,NA,NA,NA,NA,NA,NA,NA,NA,NA,NA,NA,-0.4934909179084462,-0.5515973309251987,-0.4726347900261618,-0.5204229681967332,-0.4043769666606218,-0.5142451440159562,0.8481122481680478,0.5304219731952351,0.3470967446246277,0.19549702735449928,0.0390097343683155,0.7149485354657841,0.5963907454350216,0.13742972245947543,0.01994907739278599,0.9349284459759718,0.7236158798188514,0.026761949961029454,0.55334002727696,-0.4934909179084462,-0.5515973309251987,-0.4726347900261618,-0.5204229681967332,-0.4043769666606218,-0.5142451440159562,0.8481122481680478,0.5304219731952351,0.3470967446246277,0.19549702735449928,0.0390097343683155,0.7149485354657841,0.5963907454350216,0.13742972245947543,0.01994907739278599,0.9349284459759718,0.7236158798188514,0.026761949961029454,0.55334002727696
CD19p_IgMn_CD27n_IgGp_4/B_4 |freq,NA,NA,NA,NA,NA,NA,NA,NA,NA,NA,NA,NA,NA,NA,NA,NA,NA,NA,NA,NA,NA,NA,NA,NA,NA,NA,NA,NA,NA,NA,NA,NA,NA,NA,NA,NA,NA,NA,-1.7748226970637064,-1.2310503184344257,-1.450154341086145,-1.2577633928354173,-1.290408220513379,-1.6151466183284695,3.434341978923377,0.012853648612306166,0.025819709401850622,0.35819111133767456,0.004573635026393779,0.05961928033435857,0.29807972554878426,0.9106282036095877,0.08049797859000812,0.20793521579900928,0.9360248361785269,0.8180192764472773,0.1263775895786564,-1.7748226970637064,-1.2310503184344257,-1.450154341086145,-1.2577633928354173,-1.290408220513379,-1.6151466183284695,3.434341978923377,0.012853648612306166,0.025819709401850622,0.35819111133767456,0.004573635026393779,0.05961928033435857,0.29807972554878426,0.9106282036095877,0.08049797859000812,0.20793521579900928,0.9360248361785269,0.8180192764472773,0.1263775895786564
CD19p_IgMn_CD27p_IgGp_4/B_4 |freq,NA,NA,NA,NA,NA,NA,NA,NA,NA,NA,NA,NA,NA,NA,NA,NA,NA,NA,NA,NA,NA,NA,NA,NA,NA,NA,NA,NA,NA,NA,NA,NA,NA,NA,NA,NA,NA,NA,-1.291291305569352,-0.8504513112692529,-1.2663306462766757,-0.8266971001578937,-1.2859475723192977,-1.3515043374329885,0.3002479942610331,0.8244037602529496,0.03384212999419025,0.041949410379351945,0.9660178302214681,0.0465739019244555,0.6530163243624588,0.06695580061891988,0.6821957801026463,0.03090540226719458,0.9388693981531073,0.04952401943534806,0.018902898924434742,-1.291291305569352,-0.8504513112692529,-1.2663306462766757,-0.8266971001578937,-1.2859475723192977,-1.3515043374329885,0.3002479942610331,0.8244037602529496,0.03384212999419025,0.041949410379351945,0.9660178302214681,0.0465739019244555,0.6530163243624588,0.06695580061891988,0.6821957801026463,0.03090540226719458,0.9388693981531073,0.04952401943534806,0.018902898924434742
CD4p_CD45RAn_TIM3n_PD1p_7/CD4p_CD45RAn_7 |freq,NA,NA,NA,NA,NA,NA,NA,NA,NA,NA,NA,NA,NA,NA,NA,NA,NA,NA,NA,NA,NA,NA,NA,NA,NA,NA,NA,NA,NA,NA,NA,NA,NA,NA,NA,NA,NA,NA,-0.18188165552638602,-0.13932054879065764,-0.13789973469660743,-0.15198519906395147,-0.12169883101203172,-0.14902698520078284,5.201081142699372,5.452009195871029e-4,0.04639987112680362,0.9470031299134389,3.170111694844749e-4,0.25417307524799243,0.04027914531969065,0.2863570596221882,0.15781750568373185,0.916262127388627,0.6865628493586214,0.4591191270862126,0.6798955601171854,-0.18188165552638602,-0.13932054879065764,-0.13789973469660743,-0.15198519906395147,-0.12169883101203172,-0.14902698520078284,5.201081142699372,5.452009195871029e-4,0.04639987112680362,0.9470031299134389,3.170111694844749e-4,0.25417307524799243,0.04027914531969065,0.2863570596221882,0.15781750568373185,0.916262127388627,0.6865628493586214,0.4591191270862126,0.6798955601171854
